,Name,Wert
4,gpm,0.06496376401866207
5,lt_ppent,0.05515020965169357
3,intcov_ratio,0.05368410605393565
56,curr_ratio,0.04466124225041563
19,GProf,0.04042313999392169
50,fcf_ocf,0.03111569545552091
15,rect_turn,0.027792641153696715
40,ptpm,0.02513915555135468
