,Name,Wert
37,PEG_trailing,0.057775766798147166
5,gsubind,0.04846732051414991
38,gsector,0.03789370998413844
3,dpr,0.035493588419211464
10,quick_ratio,0.034699135991775064
36,debt_invcap,0.03459471973888891
30,debt_assets,0.034133825359970185
4,GProf,0.030990169935087342
